review,rating,date,bank,source
It is nice app,5,2025-11-26,CBE,google_play
best,5,2025-11-25,CBE,google_play
good app,5,2025-11-25,CBE,google_play
"it suddenly asked me to enter the verification key I received. and it (*get your verification key from the nearest CBE Branch*) Now I'm in Australia, what do you expect me to do???! There is no nearest or furthermost cbe Branch!! SO FRUSTRATING! How can I manage my bank account now????",1,2025-11-25,CBE,google_play
nice app...,5,2025-11-25,CBE,google_play
very good banking service and fast service,5,2025-11-24,CBE,google_play
thanks blc this app help me to use all time,5,2025-11-24,CBE,google_play
good,5,2025-11-24,CBE,google_play
why we can't send money to other people telebirr wallets??,1,2025-11-24,CBE,google_play
·ä†·â≥·çç·à©·àù ·åç·äï ·àà15 birr 11.50 ·â•·à≠ ·àµ·âµ·âÜ·à≠·å° ·ã≠·àµ·â∞·ä´·ä®·àç·àç·äï,1,2025-11-23,CBE,google_play
·â†·å£·àù ·âÄ·àã·àç·äì ·àù·âπ ·äê·ãç·ç¢,5,2025-11-23,CBE,google_play
wow,5,2025-11-23,CBE,google_play
good,5,2025-11-23,CBE,google_play
nice,5,2025-11-22,CBE,google_play
you are the reason why i got ye chogara himem,1,2025-11-22,CBE,google_play
it is so smart app i recommend it for everyone,5,2025-11-22,CBE,google_play
excellent,5,2025-11-22,CBE,google_play
good,5,2025-11-21,CBE,google_play
·ã≥·åä,5,2025-11-21,CBE,google_play
absolutely right,5,2025-11-21,CBE,google_play
good app,5,2025-11-21,CBE,google_play
mid application it's so annoying,3,2025-11-20,CBE,google_play
I used morethan one year,4,2025-11-20,CBE,google_play
no word can explane about this app it is nice üëçüëçüëçüëçüëç,5,2025-11-20,CBE,google_play
"It's great app,I love this app",5,2025-11-20,CBE,google_play
Nice,5,2025-11-19,CBE,google_play
suckkkks,1,2025-11-19,CBE,google_play
not allowing to transfer and showing current statement updates.,1,2025-11-19,CBE,google_play
I love you this app,5,2025-11-19,CBE,google_play
"fast and convenient app, thanks for your dedication as a bank to provide good options to your cuatomers.",1,2025-11-19,CBE,google_play
make life easy,5,2025-11-19,CBE,google_play
securr,5,2025-11-19,CBE,google_play
My most optional bank,5,2025-11-17,CBE,google_play
5 star,5,2025-11-17,CBE,google_play
it is fantastic app.,5,2025-11-16,CBE,google_play
excellent,5,2025-11-16,CBE,google_play
sifen,5,2025-11-16,CBE,google_play
i like this‚àö,4,2025-11-16,CBE,google_play
Ok,3,2025-11-16,CBE,google_play
·å•·à© App ·äê·ãâ ·ç¢ ·ã®·äî ·ã®·åç·àç ·ä†·àµ·â∞·ã´·ã®·âµ- Update ·ãà·ã≠·äï·àù cache cleaning app ·à≤·ã∞·à®·åç ·àà·àù·äï·ãµ·äê·ãâ ·ã∞·åç·àò·äï login ·àµ·äì·ã∞·à≠·åç Restricted ·àö·ã´·ã∞·à≠·åà·ãâ ·â¢·àµ·â∞·ä´·ä®·àç ·ä•·äï·ã∞ ·àÄ·à≥·â• ·å•·à© ·äê·ãâ·ç¢ ·â†·ãõ·àã·ã≠ ·ãµ·åã·àö ·ä†·ä≠·â≤·â¨·âµ ·àà·àõ·àµ·ã∞·à®·åç ·ä®·çç·àà·äï ..,5,2025-11-15,CBE,google_play
"Seriously, what‚Äôs going on with this app? The ""Pay to Beneficiary"" option is completely disabled for Android users, yet iOS users get full access without restrictions. Why are Android users being treated like second class customers? It‚Äôs the same app, the same service, but clearly not the same experience. This kind of platform bias is unacceptable, either give everyone the same features or be transparent about why you‚Äôre limiting functionality. Right now, it just feels unfair and frustrating.",1,2025-11-15,CBE,google_play
Like,5,2025-11-13,CBE,google_play
Nice and very useful app i like it!,5,2025-11-13,CBE,google_play
good,5,2025-11-13,CBE,google_play
Good,5,2025-11-13,CBE,google_play
Good,5,2025-11-13,CBE,google_play
smart app,4,2025-11-12,CBE,google_play
good App,5,2025-11-12,CBE,google_play
sync problem may 22 2025 but the date stack on may 8 2025 help pls,5,2025-11-12,CBE,google_play
ok,5,2025-11-11,CBE,google_play
cbe is my choice,4,2025-11-11,CBE,google_play
Awesome,5,2025-11-11,CBE,google_play
I am not able to transfer. The app is not responding,1,2025-11-11,CBE,google_play
Very convenient App,5,2025-11-11,CBE,google_play
excellent but sometimes can not connect,5,2025-11-10,CBE,google_play
good app,5,2025-11-10,CBE,google_play
wow apk,5,2025-11-10,CBE,google_play
best 100 %,5,2025-11-10,CBE,google_play
bad app,1,2025-11-10,CBE,google_play
best app,5,2025-11-10,CBE,google_play
wow,5,2025-11-10,CBE,google_play
nice app,5,2025-11-10,CBE,google_play
bad app,4,2025-11-10,CBE,google_play
the app constantly glitches and won't stop loading despite having a decent connection and a cleared cache. telebirr is way better,1,2025-11-10,CBE,google_play
I can't access it properly I think it needs update,1,2025-11-10,CBE,google_play
üëåüëå,5,2025-11-10,CBE,google_play
best üëå,5,2025-11-10,CBE,google_play
good,4,2025-11-10,CBE,google_play
not Refresh,2,2025-11-10,CBE,google_play
your statement is not used as wanted,1,2025-11-10,CBE,google_play
good very good,5,2025-11-09,CBE,google_play
this is absolute trash why because it's not Woking most time the servers are down even though I'm using 4g data Internet they steal not working they use to work with out even data package now it's trash can't even send money,1,2025-11-09,CBE,google_play
good app,5,2025-11-08,CBE,google_play
Bayeee galatooma kana caalati nu gammachisa üåèü§åüèªüí¥üí∏ü•∞üëåüèªüôèüèª,5,2025-11-08,CBE,google_play
Good !,5,2025-11-08,CBE,google_play
i like it,5,2025-11-08,CBE,google_play
Very nice app,5,2025-11-08,CBE,google_play
the app is not functional this week.,4,2025-11-08,CBE,google_play
good,5,2025-11-07,CBE,google_play
very updated bank,5,2025-11-06,CBE,google_play
tankyu,5,2025-11-05,CBE,google_play
nice,5,2025-11-05,CBE,google_play
Numbers 2 and 3 don't write during pin verification.,5,2025-11-05,CBE,google_play
"once it is uninstalled, you need to visit a nearby bank. you go there and they ask you to have a new sim card which hasn't been used before. so you should buy a new sim card and you go back to them with a new sim card, when you reach there service provider says authentication pin is not arrive, the system is not working come back tomorrow.",1,2025-11-05,CBE,google_play
loved it,5,2025-11-05,CBE,google_play
Ok,1,2025-11-05,CBE,google_play
this app is not working on my phone,5,2025-11-03,CBE,google_play
CBE needs to show transaction fees before the transaction is confirmed and not after. This is a big issue as fees are no longer insignificant.,3,2025-11-03,CBE,google_play
"After the recent updates, I am unable to download a receipt. I can't see the names of account holders I've previously transacted with. Very important. Please fix it asap.",1,2025-11-03,CBE,google_play
nice,5,2025-11-02,CBE,google_play
wow üòòüòòüòò,4,2025-11-02,CBE,google_play
mobile banking broblem,5,2025-11-01,CBE,google_play
good job,5,2025-11-01,CBE,google_play
good,3,2025-11-01,CBE,google_play
it is a good and clear apps to use,4,2025-10-31,CBE,google_play
·àà·àù·äï·ãµ·äï ·äê·ãç ·ä®·äï·åç·ãµ ·â£·äï·ä≠ ·ãà·ã∞ ·â¥·àå·â•·à≠ 5 ·â•·à≠ ·à≤·â∞·àã·àà·çç 11 ·â•·à≠ ·ä•·äï·ã≤·âÜ·à≠·å• ·ã´·ã∞·à®·åã·âΩ·àÅ·âµ,1,2025-10-31,CBE,google_play
I love this app b/c every option in the app very clear and supportive.,5,2025-10-30,CBE,google_play
niiceh,5,2025-10-29,CBE,google_play
the app is good but their is no dark mode you have to add it,3,2025-10-29,CBE,google_play
ü§Æ,1,2025-10-29,CBE,google_play
abdulakim abrahim elemoo,5,2025-10-29,CBE,google_play
good app,5,2025-10-28,CBE,google_play
strong,5,2025-10-28,CBE,google_play
good,5,2025-10-28,CBE,google_play
best,5,2025-10-28,CBE,google_play
Abebaw Zenebe,5,2025-10-28,CBE,google_play
good I love it keep it up but if we had a new update that will be fire Soo good,5,2025-10-27,CBE,google_play
good,5,2025-10-27,CBE,google_play
Cbe,5,2025-10-27,CBE,google_play
Active and granted system,5,2025-10-27,CBE,google_play
fast app,4,2025-10-27,CBE,google_play
cool üòé,5,2025-10-27,CBE,google_play
Galaxy A10s,3,2025-10-26,CBE,google_play
the best apps,5,2025-10-26,CBE,google_play
arif app new,5,2025-10-26,CBE,google_play
laga Bari biranch,5,2025-10-26,CBE,google_play
·äê·äê·à†·äê·à†·à†·äê·à†·à†·à†·à†·äê·ã®·äê,5,2025-10-26,CBE,google_play
I would like to suggest you improve the time out as it takes the money and doesn't return it back until the next day.,3,2025-10-25,CBE,google_play
Attractive,5,2025-10-25,CBE,google_play
mite,5,2025-10-24,CBE,google_play
useful,5,2025-10-24,CBE,google_play
nice,4,2025-10-23,CBE,google_play
"not good, not bad!",3,2025-10-23,CBE,google_play
very good,5,2025-10-23,CBE,google_play
·ä•·åÖ·åç ·â†·å£·àù ·ä†·àµ·âÄ·ã´·àö ·å†·âÅ·ä†·àù ·ãò·à®·çã ·â†·àö·â£·àç ·ã∞·à≠·åÉ ·ã® ·ä†·åà·àç·åç·àé·âµ ·ã®·àö·âÄ·â†·àç ·ã´·àç·à∞·à´·â†·âµ·äï ·ã®·åà·ãõ ·åà·äï·ãù·â†·â£·âΩ·äï·äï ·â∞·ãò·à®·çç·äï ·ä® 100·â•·à≠ 10·â•·à≠ ·ã®·ä†·åà·àç·åç·àé·âµ ·àõ·àµ·ä®·çà·àç ·àù·äï ·àõ·àà·âµ ·äê·ãç ·ä•·â£·ä´·âΩ·àÅ ·ä•·ã©·âµ ·ä•·àµ·âµ·ã≠ ·ä® ·àû·â£·ã≠·àç ·â£·äï·ä≠ ·ãà·ã∞ ampsa ·ä†·àµ·â∞·àã·àç·çâ·äì ·ä•·ã©·âµ ·â†·å£·àù ·ã≠·åà·à≠·àõ·àç ·àå·â£ ·â•·ã´·â∏·ãã·àç·àÅ,1,2025-10-22,CBE,google_play
good job,5,2025-10-22,CBE,google_play
imp,5,2025-10-22,CBE,google_play
super fast app,5,2025-10-21,CBE,google_play
good app,4,2025-10-20,CBE,google_play
useful,5,2025-10-20,CBE,google_play
"The app has a nice design and useful features like balance check and transfers, but it‚Äôs unstable and often fails to connect. It also forces users to turn off Developer Options, which is unnecessary ‚Äî other banking apps work fine without that. Many people use Developer Mode for normal reasons. Please fix performance issues, remove this restriction, and add biometric login for better security and convenience",2,2025-10-19,CBE,google_play
cbe,4,2025-10-18,CBE,google_play
"it says ""ti is work any more in your device"" what can i do??",1,2025-10-18,CBE,google_play
blah blah blah,5,2025-10-18,CBE,google_play
good,5,2025-10-17,CBE,google_play
bad ·åç·ã¥·â≥ ·àò·àÜ·äï·àÅ,1,2025-10-17,CBE,google_play
best,5,2025-10-17,CBE,google_play
CBE no.1,5,2025-10-17,CBE,google_play
good,5,2025-10-17,CBE,google_play
good,5,2025-10-16,CBE,google_play
"it's not work correctly when it's needed sometimes, but it works sometimes though",2,2025-10-16,CBE,google_play
its easy to use and more secured than the previous one. i love it and appreciate commercial bank of ethiopia for every time update.,5,2025-10-16,CBE,google_play
gooof,5,2025-10-16,CBE,google_play
"Suddenly the cbe application I was using stopped working and called callcenter, I was told it's because it expired and I should vist any branch to fix it. So I went to CBE Silassie branch.After filling a form they gave me, I sat down and waited until they finish fixing 2 customer's case who arrived before me. But then when it was my turn ppl who came after me with same mobile banking and even Atm card cases were finishing up and leaving I had to get back to my work so I left.with no service.why?",1,2025-10-16,CBE,google_play
Best app,5,2025-10-16,CBE,google_play
best,5,2025-10-15,CBE,google_play
still not perfect like before,1,2025-10-15,CBE,google_play
This app dash board is disturbing me. it is not showing me traxation and my balance while displaying others option on dashboard. I think it is a risk full appüò≠üò≠üò≠ü§§ü§§,1,2025-10-15,CBE,google_play
APPLIED,1,2025-10-14,CBE,google_play
10 years ago,4,2025-10-14,CBE,google_play
Asefa Obsa,5,2025-10-14,CBE,google_play
best app,4,2025-10-14,CBE,google_play
it's good app,5,2025-10-14,CBE,google_play
very slow,1,2025-10-14,CBE,google_play
berhan deriba wami,4,2025-10-14,CBE,google_play
good,5,2025-10-13,CBE,google_play
mahamad Usman,5,2025-10-13,CBE,google_play
Erako,5,2025-10-13,CBE,google_play
üî•üî•üî•üî•üî•,5,2025-10-13,CBE,google_play
opne,5,2025-10-13,CBE,google_play
mehommd nuri,5,2025-10-13,CBE,google_play
Best,5,2025-10-12,CBE,google_play
good,5,2025-10-12,CBE,google_play
providing very secure service.,5,2025-10-12,CBE,google_play
good,5,2025-10-12,CBE,google_play
apk ·ä†·à™·çç ·äê·ãç ·åç·äï ·â†·å£·àù apkwun ·ã®·àö·ä®·çç·â± ·ã® ·â£·äï·ä≠ ·à∞·à´·â∞·äû·âΩ ·â†·å£·àù ·ã∞·ä´·àõ ·äì·â∏·ãç ·à≤·ã´·àµ·â∞·äì·åç·ã± ·àà ·ã∞·äï·â†·äõ ·ä≠·â•·à≠ ·ã®·àã·â∏·ãç·àù ·ä•·äî ·àò·àò·àã·àà·àµ ·ä®·åÄ·àò·à≠·ä© ·âÜ·ã®·ãç ·åç·äï ·àò·çç·âµ·àÖ ·àã·åà·äù ·ä†·àç·âΩ·àç·ä©·àù ::,1,2025-10-12,CBE,google_play
·ã≥·à≠ ·äë·àÆ ·àã·àà·ãç ·ä£·çç·à™·âª·äï ·ãç,5,2025-10-12,CBE,google_play
RIYAD Mohammed Abaoli 92 527 2567,5,2025-10-12,CBE,google_play
it doesn't show bank statement and no options to see transactions for the past months.,2,2025-10-12,CBE,google_play
Mamma Husen,2,2025-10-11,CBE,google_play
ok,5,2025-10-11,CBE,google_play
3 stars because I can't see all my transaction history apart from the recents and a refresh button has been removed from the Recents activity. The app should allow clients to view all of the transactions not just recents.,3,2025-10-11,CBE,google_play
good,5,2025-10-10,CBE,google_play
exceptional application from others bank,5,2025-10-10,CBE,google_play
"it is very nice. but i have a serious suggestion when you send to other cbe birr customer, it does not show the name of the recipient befor it actually send the money. please improve this",4,2025-10-10,CBE,google_play
goodüëçüëçüëçüòäüòäüòä,5,2025-10-10,CBE,google_play
really good app,5,2025-10-10,CBE,google_play
smart bank CBE,5,2025-10-10,CBE,google_play
Ali urgesa11,3,2025-10-09,CBE,google_play
it's good,5,2025-10-09,CBE,google_play
Good apps,5,2025-10-09,CBE,google_play
good,5,2025-10-09,CBE,google_play
password ·â†·å£·âµ ·ä†·àª·à´ ·â¢·äñ·à®·ãç ·àò·àç·ä´·àù ·äê·â†·à≠,4,2025-10-09,CBE,google_play
good,5,2025-10-09,CBE,google_play
best app i ever seen,5,2025-10-09,CBE,google_play
it's game changing in financial system,4,2025-10-09,CBE,google_play
"z,MKT 20_._!8+‚Öì‚Öïüòòr",1,2025-10-09,CBE,google_play
will good updating,5,2025-10-09,CBE,google_play
"service charge , vat, fee everything here is not yours they wanna take what you have, everything is not fair",1,2025-10-08,CBE,google_play
why removing screenshot feature why?,2,2025-10-08,CBE,google_play
very good application! thank you all who participate!,5,2025-10-08,CBE,google_play
application bank commercial Ethiopia I am very happy to be able to appear in a great job on a pleasant job,5,2025-10-08,CBE,google_play
user compatible app!,5,2025-10-08,CBE,google_play
"I am trying to access this app on my Android phone, but sometimes doesn't work. so kindly try to improve it.",3,2025-10-07,CBE,google_play
what an amazing app. you know how much it simplify life. Thanks cbe. I proud of you.,5,2025-10-07,CBE,google_play
Our Commercial Bank of Ethiopia is Good !,5,2025-10-06,CBE,google_play
Asledin Ibsa,5,2025-10-06,CBE,google_play
terrible when showing history of transaction it shows in disorganised way,3,2025-10-05,CBE,google_play
my bank,5,2025-10-05,CBE,google_play
Data,5,2025-10-04,CBE,google_play
"lately I am facing a problem with the app ,and the problem is when log in and inter my pin it doesn't work at all and says 'can't sync' why does it say that I was working fine a few day ago and also it says when I enter my pin 'change your pin to 6 digit pin and it doesn't allow me to change it please solve what is the problem with the app ?",2,2025-10-04,CBE,google_play
excellent app with lots of features,5,2025-10-04,CBE,google_play
very good üëç mobile banking,5,2025-10-04,CBE,google_play
so special,5,2025-10-04,CBE,google_play
wiiy ewdihiliw esimirt niho yitnehew metgeyot ‚ù§üíûü§îüò¥ü§©üòç,1,2025-10-03,CBE,google_play
woow cbe,5,2025-10-03,CBE,google_play
cbe the best bank app,4,2025-10-03,CBE,google_play
This App CBE bank it's Simple and Smart I Like it.,5,2025-10-03,CBE,google_play
Rijalufaris,5,2025-10-02,CBE,google_play
its Best app But i hate the Repeatedly update request,5,2025-10-02,CBE,google_play
good app,5,2025-10-02,CBE,google_play
imoo,3,2025-10-02,CBE,google_play
"it was good since it become a robber the vat ,tax,service charge,unbelievable charge to send to other bank, monthly charge,etc i hope one international bank comes and we all leave this bank. enough is enough",1,2025-10-02,CBE,google_play
screen shoot always not allowed why?,5,2025-10-02,CBE,google_play
enkorabetalen,5,2025-10-01,CBE,google_play
good,5,2025-10-01,CBE,google_play
Gamada mahamadi,1,2025-10-01,CBE,google_play
it is very good banking web but its network is sometimes busy i hope they willfix the problem,4,2025-09-30,CBE,google_play
verfcasencod,5,2025-09-30,CBE,google_play
you can't get your own transaction history,1,2025-09-29,CBE,google_play
sintu,5,2025-09-29,CBE,google_play
BEST,5,2025-09-28,CBE,google_play
Bank of Ethiopia,5,2025-09-28,CBE,google_play
"All most Good, but need improvement",5,2025-09-27,CBE,google_play
"Great application for me,So I would like to rate with Solid 5 star.That It works well overall. So hello everyone enjoy the apps",5,2025-09-27,CBE,google_play
poor app all of you guys delete CBE and download BOA,1,2025-09-27,CBE,google_play
niceapp,5,2025-09-27,CBE,google_play
good,5,2025-09-26,CBE,google_play
good,5,2025-09-25,CBE,google_play
good,5,2025-09-25,CBE,google_play
the best app of all,5,2025-09-25,CBE,google_play
‚ù§Ô∏è,5,2025-09-25,CBE,google_play
"Most of the time when I try to open the app, it does not load. The circle keeps spinning as if it is trying to open, and get a message saying "" 2 attempts left for offline login"". This seems to mean that the app cannot connect to the internet, even though I have a stable internet connection, and all other stuff work properly.",2,2025-09-24,CBE,google_play
Juhaar,5,2025-09-24,CBE,google_play
I am using CBE app very fantastic.,5,2025-09-24,CBE,google_play
bist app tankyou,4,2025-09-23,CBE,google_play
this is very useful and consistent app,5,2025-09-23,CBE,google_play
"this application provides timely service in a good, fast and reliable manner.",5,2025-09-23,CBE,google_play
So good,5,2025-09-23,CBE,google_play
it will be more better if the app have the feature receipt verifying from QR CODE SCREENSHOT IMAGES FROM gallery ... currently IT WORKS ONLY FROM DIRECT CAMERA CAPTURING,4,2025-09-23,CBE,google_play
"From the UX perspective it can be better, it's old and it's not obvious where you can find some things",3,2025-09-22,CBE,google_play
It is amazing app but it is more better if it is possible to transfer from account to other telebirr,5,2025-09-22,CBE,google_play
"The app was great while it was active. However, after the app did an update, I lost connection with a message ""Network Error"". Please try to fix it as there are many clients of CBE using this app globally from abroad countries.",3,2025-09-21,CBE,google_play
very important app,4,2025-09-21,CBE,google_play
the best of all mobile banking in Ethiopia works perfectly fine,5,2025-09-21,CBE,google_play
ok,5,2025-09-21,CBE,google_play
DANTRO BAND!!!,5,2025-09-21,CBE,google_play
some time when make transfer from Mobile account to other cbebirr wallet no show customer name so please check it......thanks my cbe.. cbebirr application very nice application wallet,5,2025-09-20,CBE,google_play
this app is very useful but sometimes when you want to see specific transactions it didn't work so that way i gave 3,3,2025-09-20,CBE,google_play
why i must visit the branch i opened my account to activate the mobile banking services? if it a connected network it maybe done from any branch.,1,2025-09-20,CBE,google_play
·ä†·à™·çç ·äê·ãç ·ä†·àÅ·äï ·ã∞·åç·àû ·ä•·àµ·ä≠·à™·äï ·àπ·âµ ·àõ·à®·åç ·â†·àò·âª·àå ·ã∞·åç·â•·àé·äõ·àç,5,2025-09-20,CBE,google_play
asfaw damse,5,2025-09-19,CBE,google_play
ok,5,2025-09-19,CBE,google_play
nice,5,2025-09-19,CBE,google_play
jabadhaa namatii tolataan,5,2025-09-19,CBE,google_play
"The App is very good in its interface and user friendly. But it could be a pro app had it had additional feature that let us run multiple accounts on a single phone with an option of ""additional"" account!",3,2025-09-19,CBE,google_play
The app is user friendly. But i want some amendment or include option of sending money to other tele birr like other cbe birr.,4,2025-09-18,CBE,google_play
Truly amazing!,5,2025-09-18,CBE,google_play
Doesn't have option to generate statement for transactions,3,2025-09-18,CBE,google_play
üòé,5,2025-09-18,CBE,google_play
JanaleBl,5,2025-09-17,CBE,google_play
very good,5,2025-09-17,CBE,google_play
very good,5,2025-09-17,CBE,google_play
nice application,5,2025-09-17,CBE,google_play
WaaaaaaaW,1,2025-09-17,CBE,google_play
very nice,5,2025-09-16,CBE,google_play
Of,5,2025-09-16,CBE,google_play
it's best app to use recently and upgraded day to day for internationalization,4,2025-09-16,CBE,google_play
Easy to use and not Complicated üëç,5,2025-09-15,CBE,google_play
apdat the app,5,2025-09-14,CBE,google_play
good in bankin at any time & any where.,5,2025-09-13,CBE,google_play
great,5,2025-09-13,CBE,google_play
"WHAT A USELESS APP! Transfers, wallet payments, other banks ‚Äî nothing works. Updated, restarted, cleared cache, reinstalled ‚Äî still useless. Crashed and forced me to visit a branch just to log in 3 times. One of the biggest banks in the country can‚Äôt fix issues a junior developer could solve. Completely unreliable. Big bank , Zero functionality!",1,2025-09-13,CBE,google_play
it is best to me,1,2025-09-13,CBE,google_play
hayizgi mebrahtom feshay,5,2025-09-13,CBE,google_play
best,5,2025-09-13,CBE,google_play
good,5,2025-09-12,CBE,google_play
great,5,2025-09-12,CBE,google_play
Excellent app,5,2025-09-12,CBE,google_play
good,5,2025-09-12,CBE,google_play
after apdate the app doesn't work any thing else it said enable to connects,1,2025-09-12,CBE,google_play
love,5,2025-09-12,CBE,google_play
good,3,2025-09-11,CBE,google_play
Hasasa bank,1,2025-09-11,CBE,google_play
All ways Trusted.,5,2025-09-11,CBE,google_play
best MB application in Ethiopia financial sector.,5,2025-09-11,CBE,google_play
I like this app,5,2025-09-11,CBE,google_play
am tired why I have to update every 5 day,1,2025-09-11,CBE,google_play
excellent,5,2025-09-10,CBE,google_play
best,5,2025-09-10,CBE,google_play
usb debugig mode bicha off endidereg axrigu like awash bank,1,2025-09-10,CBE,google_play
good morning üôè,5,2025-09-10,CBE,google_play
nice,5,2025-09-09,CBE,google_play
am happy üòÉ,5,2025-09-09,CBE,google_play
good,5,2025-09-09,CBE,google_play
wowww,5,2025-09-08,CBE,google_play
KEHRU nasir AbFIXA,5,2025-09-08,CBE,google_play
It is well organized.,5,2025-09-08,CBE,google_play
Can't see the nearest Branch or ATM available,2,2025-09-08,CBE,google_play
excellent,5,2025-09-08,CBE,google_play
very good,5,2025-09-07,CBE,google_play
the app does not open,1,2025-09-07,CBE,google_play
from Monk,3,2025-09-06,CBE,google_play
"Amazing, Delightful and Seamless Mobile Banking Application, I have ever Experienced!! Indeed, I feel Great Proud to be part of your Stakeholder! My First Choice Bank, Commercial Bank of Ethiopia, The Pioneer and Leading in Digital Banking Services in Ethiopia! Five stars ‚≠ê‚≠ê‚≠ê‚≠ê‚≠ê are little to you! Thank you so muchüôè",5,2025-09-06,CBE,google_play
incredible,5,2025-09-06,CBE,google_play
good,5,2025-09-06,CBE,google_play
·ã®·ãö·àÖ ·ä†·çï ·â∞·å†·âÉ·àö ·äê·â†·à≠·ä© ·ã´·àà·àÅ·âµ ·ä®·àÄ·åà·à≠ ·ãç·å≠ ·äê·ãç ·ä•·äì ·ä•·ã®·â∞·å†·âÄ·àù·ä©·â†·âµ ·à≥·àà ·ä†·â•·ã∞·âµ ·ä†·ãµ·à≠·åä ·ä†·àà·äù ·à≥·à®·åà·ãç ·çì·àµ·ãà·à≠·ãµ ·ä•·äï·ã¥ ·ä†·ãµ·àµ ·å†·ã®·âÄ·äù ·ä•·äï·ã¥·ãç ·ä•·äî ·ä†·àà·àÅ·â†·âµ ·àÄ·åà·à≠ ·àÜ·äò ·àò·àµ·â∞·ä´·ä®·àç ·ä®·âª·àà ·â∞·â£·â†·à©·äù ·â†·å£·àù ·ä†·àµ·çà·àã·åä·ã¨ ·äê·ãç ::,5,2025-09-06,CBE,google_play
it's the best money transfer app ever,5,2025-09-06,CBE,google_play
it is nice,5,2025-09-05,CBE,google_play
user friendly. best.,5,2025-09-05,CBE,google_play
üôè,5,2025-09-05,CBE,google_play
·ä†·à™·çç,5,2025-09-05,CBE,google_play
best app!!!,5,2025-09-05,CBE,google_play
"It is good app and really user friendly , but it not possible to start service after the app is uninstalled or device phone is changed. So please make it easy for us, after once you set us the requirements in your office we should have to use it only by install and launch it. We do not have to visit the near by branch office every time for such silly businesses but important things. in addition to that why is that for hidding senders name or account number How can I know who tranfers to me???",4,2025-09-05,CBE,google_play
very good app,5,2025-09-05,CBE,google_play
best,5,2025-09-05,CBE,google_play
jabirabdala,5,2025-09-04,CBE,google_play
unfair cost of transportations... what a shame!!!,1,2025-09-04,CBE,google_play
"I think it is a good app to use easily. However, I have one more comment: the app does not automatically sync or update the balance in real time. Please review this issue. For example, when someone transfers money, the receiver's app does not sync automatically. It requires the user to manually initiate an update to see the current balance.",4,2025-09-04,CBE,google_play
WAW!!! I AM PROUD!!! MY STRONG BANK WORKS AT BEST EVEN IN A REMOTE LOCATION HERE IN MALABO (ECUATORIAL GUINEA). MEWOLID MUBARAK CBE!!!,5,2025-09-04,CBE,google_play
zinaa Ahmed,5,2025-09-04,CBE,google_play
absolutely excellent,5,2025-09-04,CBE,google_play
nice,4,2025-09-03,CBE,google_play
Good,5,2025-09-03,CBE,google_play
amazing app,5,2025-09-03,CBE,google_play
perfect and easy,5,2025-09-03,CBE,google_play
fastest,5,2025-09-03,CBE,google_play
good,5,2025-09-03,CBE,google_play
My account is not working,4,2025-09-03,CBE,google_play
The recent update is not optimized fir latest version of android,2,2025-09-02,CBE,google_play
topp,5,2025-09-02,CBE,google_play
very good,5,2025-09-01,CBE,google_play
I appreciate it,5,2025-09-01,CBE,google_play
v.good app,5,2025-09-01,CBE,google_play
Nice,4,2025-08-31,CBE,google_play
sahib amin jamal,1,2025-08-31,CBE,google_play
installi,5,2025-08-31,CBE,google_play
good,5,2025-08-30,CBE,google_play
very good apps,5,2025-08-30,CBE,google_play
üëçüëçüëçüëç,1,2025-08-30,CBE,google_play
the app say it is not compatible with ur phone can u fix it it is not updating.,1,2025-08-30,CBE,google_play
"I would like to give you some feedback on Current update, its very nice and easy to useüëç but in some button there is still not improved For example while iwant to check my recent Txn it not well sequenced and arranged or some txn may not appear ... becouse of this i see many of users of this app discomferted maily merchants and those make High txn daily. improve and miximize the txn shown to 300 up to 500. make Searchable Recent txn button! All in all the bank i Relly on! CBE my bank !",5,2025-08-29,CBE,google_play
tinishu titiba,5,2025-08-29,CBE,google_play
"essy to use ,has great interface and user-friendly g",5,2025-08-29,CBE,google_play
Yuuuuu,5,2025-08-29,CBE,google_play
I found it very much friendly,5,2025-08-29,CBE,google_play
"Very useful app, while we use CBE.",5,2025-08-28,CBE,google_play
woooow,5,2025-08-28,CBE,google_play
Redmi,1,2025-08-28,CBE,google_play
·ä†·à≠·çç ·äê·ãç ·äê·åà·à≠ ·åç·äï ·à¥·â• ·ã´·à®·åà·ãç·äï ·ä†·ä´·ãç·äï·âµ ·ä•·ã´·å†·çã·â•·äï ·äê·ãç,5,2025-08-28,CBE,google_play
kamil aweil,5,2025-08-28,CBE,google_play
nice,3,2025-08-28,CBE,google_play
In your next update can you come with night mode future,5,2025-08-27,CBE,google_play
"Truly, super competitive when compared to a well known app nowadays functioning broadly by simplest features and means namely known as Telebirr super app, Thus, CBE is my top ultimate choice that I prefer over the other bank due to its beautiful power of lead as a result I could recommend CBE to others because of its service provision via ethical principles and practice for customers satisfaction with existence of constraints and challenges face from burglary and froudalent hacker. Thank you !",5,2025-08-27,CBE,google_play
mayreba app you its better if you use other banks,1,2025-08-27,CBE,google_play
Not Prefect Transfer To Other Bank The Mony Not Deliverd Imidetliy Take Three Or Five Days,1,2025-08-27,CBE,google_play
good app,5,2025-08-27,CBE,google_play
let us know before you shut down the app,4,2025-08-27,CBE,google_play
excited,5,2025-08-27,CBE,google_play
amizing,5,2025-08-26,CBE,google_play
love it,5,2025-08-26,CBE,google_play
yes it is v good,5,2025-08-26,CBE,google_play
A great update in the Mobile Banking Application. Thanks for the System and customization department,5,2025-08-26,CBE,google_play
this app is smart.,5,2025-08-26,CBE,google_play
I am happy,5,2025-08-26,CBE,google_play
good,5,2025-08-26,CBE,google_play
Still I have not face critical problems sometimes delay to open,4,2025-08-26,CBE,google_play
excellent,5,2025-08-26,CBE,google_play
·å§·äì ·ä®·ãµ·à®,5,2025-08-25,CBE,google_play
The connection between bank and the app is lag relationship this must be corrected.,4,2025-08-25,CBE,google_play
I have forgotten mobail banking password,5,2025-08-25,CBE,google_play
nice app,5,2025-08-25,CBE,google_play
Thank you,5,2025-08-25,CBE,google_play
muktaar Abraahim,5,2025-08-25,CBE,google_play
ü§ûGood One,5,2025-08-24,CBE,google_play
why does it say change pin to 6 digits is that right?,4,2025-08-24,CBE,google_play
One of the worst mobile banking apps in Ethiopia. You can't access your txn record for more than 2 weeks.,1,2025-08-24,CBE,google_play
i like it and aprshat.,4,2025-08-23,CBE,google_play
good,4,2025-08-23,CBE,google_play
"The app has some issues I updated recently and now I am not able to send funds to my telebirr wallet, also we need to have a place we save our contacts where we usually send money to, after update I keep loosing all the important accounts.",4,2025-08-23,CBE,google_play
best app and easy to use,5,2025-08-23,CBE,google_play
doesn't work unless with data doesn't refresh fast other wise functions ok but after the update transferring to telebirr is not working,2,2025-08-23,CBE,google_play
List of transactions can't load over months and years..,1,2025-08-23,CBE,google_play
transferring money to telebirr is not working,1,2025-08-23,CBE,google_play
I don't Like this app and there service fee is highl,5,2025-08-23,CBE,google_play
·ä†·ã≤·à± Update ·å•·à© ·ä†·ã≠·ã∞·àà·àù. Update ·ä´·ã∞·à®·åç·ä©·âµ ·â†·äã·àã ·ä®·ãö·àÖ ·â†·çä·âµ ·àµ·àã·àã·ä≠·â£·â∏·ãç ·ã®·äê·â†·à©·âµ·äï Save ·ä†·ãµ·à≠·åé ·ã≠·ãû·âµ ·ã®·äê·â†·à®·ãç·äï ·àÅ·àâ·äï·àù ·ã®·à∞·ãé·âΩ ·ä†·ä´·ãç·äï·â∂·âΩ ·ä†·å•·çç·â∂·â•·äõ·àç.,2,2025-08-23,CBE,google_play
good,5,2025-08-23,CBE,google_play
this application do not show over all transaction history,3,2025-08-23,CBE,google_play
this app is very nice but statment history is very shiort atlist add 15 days,4,2025-08-23,CBE,google_play
"This app stooped working after i updated it. It says change password and i did, but it doesn't open with the new password. I don't like it.",1,2025-08-23,CBE,google_play
best and secured application,5,2025-08-23,CBE,google_play
This application is excellent .,5,2025-08-22,CBE,google_play
"The new update is very bugged. can't view the names of account holders I previously had transactions with, and more recently, its almost impossible to load money to telebirr, always says unable to connect...please fix asap",1,2025-08-22,CBE,google_play
very good,5,2025-08-22,CBE,google_play
Thise App is Great,5,2025-08-22,CBE,google_play
·ä†·çï·àä·ä¨·àΩ·äë·äï ·ä†·â•·ã¥·âµ ·ä´·ã∞·à®·ä©·âµ ·â†·äã·àã ·ã®·àö·àµ·å•·à≠ ·âÅ·å•·à≠ ·ä†·å≠·à≠ ·àµ·àà·àÜ·äê ·âÄ·ã≠·à≠ ·â•·àé·äù ·àà·à∂·àµ·âµ ·âÄ·äì·âµ ·â•·àû·ä≠·à≠ unable to connect the server ·ä®·àõ·àà·â±·àù ·â†·àã·ã≠ ·ä†·çï·àä·ä´·àΩ·äë ·ä•·ã®·à∞·à´·àç·äù ·ä†·ã≠·ã∞·àà·àùüôèüôè,1,2025-08-22,CBE,google_play
"I love this app. really, but with some downsides too. Screenshot is mandatory after every transaction as to me, I need screenshots not downloaded recipient. It would be even better if transaction history is available via this app for months that we can access directly or via calender ways. Thanks.",4,2025-08-22,CBE,google_play
üëç,5,2025-08-22,CBE,google_play
it is good app,5,2025-08-22,CBE,google_play
very good,5,2025-08-22,CBE,google_play
good and always try to make new updats üôèüëç,5,2025-08-22,CBE,google_play
"I use the Commercial Bank of Ethiopia mobile app, and it‚Äôs fantastic! The interface is user-friendly, making it easy to check balances and transfer money. I love the bill payment feature, and the security measures give me peace of mind. Overall, it‚Äôs a reliable app that has simplified my banking experience. Highly recommend!",5,2025-08-22,CBE,google_play
i don' want,5,2025-08-22,CBE,google_play
"it's very nice simple and convenient app! but I have only one comment on double verifications after the finger prints. even thought its good for makin' it more secure, Its not neccessary to double verify after the finger print verification. no need to verify by pin again. thank you!",5,2025-08-22,CBE,google_play
one of the best,5,2025-08-22,CBE,google_play
"why is it every time the app is updated history of previous account numbers keeps missing , WHY??",1,2025-08-21,CBE,google_play
You guys charge way to much when we transfer money from CBE to Telebirr via this app,3,2025-08-21,CBE,google_play
good,5,2025-08-21,CBE,google_play
not bad apk,1,2025-08-21,CBE,google_play
ok,5,2025-08-21,CBE,google_play
yes these app is so good for our saving and marketing system go ETHIOPIA GO!!!,5,2025-08-21,CBE,google_play
best mobile banking App that have seen .,5,2025-08-21,CBE,google_play
It's very helpful apps,5,2025-08-21,CBE,google_play
Every major update means you have to go back to Ethiopia to make the app work. In 2025?,2,2025-08-21,CBE,google_play
"Unable to connect, pls. Improve the system",5,2025-08-20,CBE,google_play
well app,5,2025-08-20,CBE,google_play
"Smart service But, your service charge is too high",5,2025-08-20,CBE,google_play
perfect üëå keep,5,2025-08-20,CBE,google_play
"·ä•·â£·ä´·âΩ·àÅ ·ä†·çë ·å•·à© ·äê·ãç ·äê·åà·à≠ ·åç·äï ·â†·çà·àà·åç·äê·ãç ·åä·ãú·äì ·à∞·ä†·âµ ·àò·å†·âÄ·àù ·ä†·àç·âª·àç·äï·àù ·äî·âµ·ãé·à≠·ä≠ ·ä•·ã´·àà ·ä•·äï·ä≥ ·ä•·ã´·àµ·å†·âÄ·àò·äï ·ä†·ã≠·ã∞·àà·àù""""",2,2025-08-20,CBE,google_play
ok,5,2025-08-20,CBE,google_play
nice app,5,2025-08-20,CBE,google_play
excellent plus,5,2025-08-20,CBE,google_play
Would be great if it displays service fees before proceeding with transaction.,4,2025-08-20,CBE,google_play
so disappointing :((,1,2025-08-20,CBE,google_play
what nice app i never usedyet,4,2025-08-20,CBE,google_play
Excellent,5,2025-08-20,CBE,google_play
ke gizew ga emihed astemamagn metegberya,1,2025-08-20,CBE,google_play
"this app is pretty good. The recent one was the nicest. however after the update, it restricts me from taking a screenshot. i would be happy if you remove screenshots restriction policy from this app. why I gave it five stars was because of the past performances of this app. keep in mind to remove the screenshot restriction policy from this app. and also it has no self authorizations. once uninstalled it needs extra sim cards and wants to visit nearby banks in person.",5,2025-08-20,CBE,google_play
Send money for some account but don't reserved Ball,5,2025-08-20,CBE,google_play
very goodüôèüôè,5,2025-08-19,CBE,google_play
good,1,2025-08-19,CBE,google_play
good,5,2025-08-19,CBE,google_play
I recognized thank you,5,2025-08-19,CBE,google_play
Best feature!!,5,2025-08-19,CBE,google_play
the saved account totally removed ..why????????,1,2025-08-19,CBE,google_play
good bank Ethiopian very nic,5,2025-08-18,CBE,google_play
this good app but screenshot must enable,4,2025-08-18,CBE,google_play
·â†·çä·âµ ·â•·à≠ ·âµ·à´·äï·àµ·çà·à≠ ·ã®·â∞·ã∞·à®·åà·â£·â∏·ãâ·äï ·ä†·ä´·ãâ·äï·â∂·âΩ remove ·ä†·à≠·åì·àç ·ã®·àö·ã´·äì·ãµ·ãµ update ·äê·ãç ::,1,2025-08-18,CBE,google_play
Good,4,2025-08-18,CBE,google_play
Best app,5,2025-08-18,CBE,google_play
change mobile banking CBE,5,2025-08-18,CBE,google_play
The process of updating is not functioning easily. Installing is easy than updating. Screenshot should not be prevented. it is an instant evidence needed for some transactions.,2,2025-08-18,CBE,google_play
Adisi Deti,5,2025-08-17,CBE,google_play
good,5,2025-08-17,CBE,google_play
this app is the good apps,5,2025-08-17,CBE,google_play
·ä†·à™·çã ·äê·ãâ ·äê·åà·à≠ ·åç·äï Recent Transaction ·â†·å£·àù ·ã®·âÜ·ã®·ãâ·äï ·äê·ãâ ·ã®·àö·ã´·à≥·ã≠ Evene refresh ·àÅ·àâ ·à≤·ã∞·à®·åç ·âµ·ä≠·ä≠·àà·äõ ·ã®·âÖ·à≠·â• Transaction ·ä†·ã´·à≥·ã≠·àù·ç¢ Please ·ä†·àµ·â∞·ä´·ä≠·àâ·âµ,2,2025-08-15,CBE,google_play
congra ethio,5,2025-08-15,CBE,google_play
·ä•·äï·ã≤·àÅ ·äê·ãç ·ã®·à∞·â∞·äã·âΩ·àÅ ·àà·àû·à´·àç,5,2025-08-15,CBE,google_play
nice,3,2025-08-14,CBE,google_play
I don't think it is compatible with the new android version 16 it fails to open. Please update it or find a solution.,1,2025-08-14,CBE,google_play
"ohhhhü§¶ you must upgrade transferring problem. most of time, when transfer from CBE mobile banking to tele birr account, always suspending for 3 to 5 days ü§î. please try to fix it üôè",2,2025-08-14,CBE,google_play
this APK Best for most of people,5,2025-08-13,CBE,google_play
good keep it up,5,2025-08-13,CBE,google_play
very nice app,5,2025-08-12,CBE,google_play
Most of the time either the app or *889# don't work,2,2025-08-12,CBE,google_play
cbe. noor,2,2025-08-12,CBE,google_play
why this app is logging in while your device is not connected to internet ... is it appropriate ?... and it isnt exposed to hucking or malicious activity?,1,2025-08-12,CBE,google_play
nice,5,2025-08-12,CBE,google_play
·â†·å£·àù ·ä†·à™·çç ·äê·ãç ·â†·à≠·â±·àç·äï,5,2025-08-12,CBE,google_play
this is so good,5,2025-08-11,CBE,google_play
very good,5,2025-08-11,CBE,google_play
‚ù§‚ù§‚ù§‚ù§‚ù§üòÇ,5,2025-08-10,CBE,google_play
Very interesting ü§î,5,2025-08-10,CBE,google_play
very good app üëçüëçüëç time saving and more accurate,5,2025-08-09,CBE,google_play
"i like your app to order ATM card through it, i get it new on your app",5,2025-08-09,CBE,google_play
very bad app,1,2025-08-09,CBE,google_play
good üëç,5,2025-08-09,CBE,google_play
good,5,2025-08-09,CBE,google_play
very nice app,5,2025-08-09,CBE,google_play
good app,5,2025-08-09,CBE,google_play
it is the best transferring AP,5,2025-08-08,CBE,google_play
it's good but add some more please,3,2025-08-08,CBE,google_play
best servis app,4,2025-08-07,CBE,google_play
very useful to use it from any where in the world !,5,2025-08-07,CBE,google_play
ok,5,2025-08-07,CBE,google_play
it very good but why block the screen shoot,5,2025-08-07,CBE,google_play
Good app,5,2025-08-07,CBE,google_play
"the most disgusting app,",1,2025-08-07,CBE,google_play
·â•·ãô ·ã®·àö·âÄ·à© ·äê·åà·àÆ ·ä†·àâ ·àà·àù·à≥·àå ·ä†·äï·ãµ ·à∞·ãç ·ãà·ã∞ ·â¥·àå ·â•·à≠ ·à≤·àç·ä≠ ·åç·ã¥·â≥ ·ä†·ä´·ä´·ãç·äï·âµ ·ã®·ä®·çà·â∞·â†·âµ ·àµ·àç·ä≠ ·àò·àÜ·äï ·ä†·ã≠·å†·â†·âÖ·â†·âµ·àù ·ä•·äì ·à≤·àµ·â∞·àô ·ã®·â†·àà·å† ·ä†·ãò·àù·äë·âµ ·à∞·ãç ·â£·äï·ä≠ ·à≤·àò·å£ ·ã®·çà·å†·äê ·àõ·àµ·â∞·äì·åà·ãµ ·ãà·ã∞ ·âÖ·à≠·äï·å´·çç ·à≤·àò·å£ ·ä•·ãõ·àù ·ä†·ä´·ãç·äï·âµ ·ä•·ãö·àù ·ä†·ä´·ãç·äï·âµ ·àò·ä®·çà·âµ ·ã®·àà·â†·âµ·àù ·ä•·äï·ã≤ ·à≤·àÜ·äï ·ã∞·äï·â†·äõ ·ã≠·à∏·àª·àç ·àå·àã·ãç ·ã∞·àû ·ã®·à∞·à´·â∞·äû·âπ·äï ·àç·â•·àµ ·âÄ·ã≠·à©·âµ ·ä•·ãç·äê·âµ ·àà·àò·äì·åà·à≠ ·âÄ·â§·à≠ ·ä†·àµ·çà·çÉ·àö ·äê·ãç ·àö·àò·àµ·àâ·âµ ·ã®·âÄ·à®·ãç·äï ·ä•·äì·äï·â∞ ·àò·à≠·àù·à´·âπ ·ä†·àµ·â∞·ä´·ä≠·àâ·âµ ·ä†·àò·à∞·åç·äì·àà·àÅ,3,2025-08-07,CBE,google_play
üëç,5,2025-08-07,CBE,google_play
good app,4,2025-08-06,CBE,google_play
"unexpected anomalies, unreliable as fintec app",2,2025-08-05,CBE,google_play
best one,5,2025-08-05,CBE,google_play
awesome,5,2025-08-05,CBE,google_play
so good,5,2025-08-04,CBE,google_play
worst experience,1,2025-08-04,CBE,google_play
The 1st one is CBE,5,2025-08-04,CBE,google_play
excellent,5,2025-08-04,CBE,google_play
nice,5,2025-08-04,CBE,google_play
ok,1,2025-08-04,CBE,google_play
"this is the worst app that could exist on the planet, omg it literally crashes every month",1,2025-08-04,CBE,google_play
CBE,5,2025-08-04,CBE,google_play
it's good app,5,2025-08-04,CBE,google_play
ok,5,2025-08-04,CBE,google_play
Nise,5,2025-08-04,CBE,google_play
commercial Bank üè¶,5,2025-08-04,CBE,google_play
goood werk,5,2025-08-03,CBE,google_play
·â•·ãô ·åä·ãú ·ã´·àµ·â∏·åç·à´·àç ·ä†·ã≠·à∞·à´·àù error now milew,5,2025-08-03,CBE,google_play
good,5,2025-08-03,CBE,google_play
the best application for ours,5,2025-08-03,CBE,google_play
our ehiopian bank who teaches us who lends who beulds big infrastractures for any ehiopian countries rigions local areas basic needs for socity that trends to suport echother social participation promots in society welbing coopratives development builds and suports for each private and governmental institutions give advise market analicies so on for targets to develope country to become world class economic leadership capitalist country and to atract big stakeholders in the woreld.,5,2025-08-03,CBE,google_play
screenshot problem must be fixed!!,4,2025-08-02,CBE,google_play
it's very nice app,5,2025-08-02,CBE,google_play
Very easy to use,5,2025-08-02,CBE,google_play
best and fast,5,2025-08-02,CBE,google_play
The best one ever i've seen.,5,2025-08-01,CBE,google_play
·â†·å£·àù ·å•·à©,5,2025-08-01,CBE,google_play
üëçüëçüëç,5,2025-08-01,CBE,google_play
very good,5,2025-08-01,CBE,google_play
The sum is good.,5,2025-08-01,CBE,google_play
good,5,2025-07-31,CBE,google_play
thank you,5,2025-07-30,CBE,google_play
it is good,5,2025-07-30,CBE,google_play
they been freezing a transfered money till the time they chose chose it to be delivered bruh,1,2025-07-30,CBE,google_play
how updated this app,5,2025-07-30,CBE,google_play
yase,5,2025-07-30,CBE,google_play
"ok ,",5,2025-07-29,CBE,google_play
good,5,2025-07-29,CBE,google_play
Time is Gold,5,2025-07-28,CBE,google_play
good,5,2025-07-28,CBE,google_play
this app is so amazing a use it every time when I make payments,5,2025-07-27,CBE,google_play
Mobeli.bank,5,2025-07-27,CBE,google_play
best,5,2025-07-26,CBE,google_play
best app,5,2025-07-26,CBE,google_play
thanks CBE,5,2025-07-25,CBE,google_play
"I am using this service from abroad, which i have active account in Ethiopia. Anytime I want support family, I easily sent funds to my CBE bank using my abroad debit or visa credit and transfer to their bank. so recommend diaspora to open bank account whenever they going back home. it helps a lot . 1st. They can easily send money from their abroad bank account to their CEB, Awash,Oromia bank whatever. 2nd, They don't need family to withdraw money for them to use it. They have privacy.",5,2025-07-25,CBE,google_play
·â†·å£·àù ·ä†·à™·çç ·äê·ãç ·â†·â∞·å®·àõ·à™ ·â†·å£·âµ ·ä†·àª·à´ ·â¢·à∞·à´ ·å•·à© ·äê·â†·à≠ ·ä•·äï·ã∞ ·â¥·àå ·ä†·çï,4,2025-07-25,CBE,google_play
vÕüeÕürÕüyÕü gÕüoÕüoÕü dÕü,4,2025-07-25,CBE,google_play
commercial bank of ethiopia is very helpful for all Ethiopian people that i respect ethio consititution,5,2025-07-25,CBE,google_play
wow,5,2025-07-25,CBE,google_play
excellent,5,2025-07-25,CBE,google_play
great,5,2025-07-24,CBE,google_play
Great,5,2025-07-24,CBE,google_play
there is many thing u have to fix.,1,2025-07-24,CBE,google_play
Excellent App,4,2025-07-24,CBE,google_play
"This is the best service, it makes everything easy for you, so why not download this app and if you are satisfied with it, give it five stars, it deserves it. üëç‚ô•Ô∏è‚ù§Ô∏è",5,2025-07-24,CBE,google_play
Best app,5,2025-07-23,CBE,google_play
very good,5,2025-07-22,CBE,google_play
good,5,2025-07-21,CBE,google_play
·â†·å£·àù·å•·à©,4,2025-07-21,CBE,google_play
"good job, but we need to see more transaction history.",4,2025-07-21,CBE,google_play
best app,5,2025-07-21,CBE,google_play
excellent,5,2025-07-21,CBE,google_play
full of restrictions,1,2025-07-20,CBE,google_play
The best one,5,2025-07-20,CBE,google_play
very good,5,2025-07-20,CBE,google_play
nice apps,5,2025-07-20,CBE,google_play
why i cant screen shoot ?,1,2025-07-20,CBE,google_play
Really excellent,5,2025-07-19,CBE,google_play
excellent,5,2025-07-19,CBE,google_play
nice apk,5,2025-07-19,CBE,google_play
it is good up to now but it needs update today,5,2025-07-18,CBE,google_play
·ä†·ãç·à≠·ãµ,5,2025-07-18,CBE,google_play
okay,5,2025-07-18,CBE,google_play
very aazing,5,2025-07-18,CBE,google_play
wow,5,2025-07-18,CBE,google_play
·ä•·àµ·ä≠·à™·äï ·àπ·âµ ·ä†·ã≠·à∞·à´·àù ·àà·àù·äï ·â∞·ãò·åã?,2,2025-07-17,CBE,google_play
simple to use and amazing,5,2025-07-17,CBE,google_play
Best app ever,5,2025-07-17,CBE,google_play
this app good,4,2025-07-17,CBE,google_play
"I like this App b/s it's fast, clear, and secured. thank you",5,2025-07-17,CBE,google_play
"Although the UI is simple and easy to use. That does not mean anything if information is not consistent throughout the app, and most services are down most of the time. Also, I see that forcing the user to turn off Android Dev Settings to use the app is unnecessary and creates inconvenience for users who want to use their devices for Android development üôÑ. If you have certain security requirements, you would rather prefer to restrict the minSdk (since recent android releases are secure).",1,2025-07-16,CBE,google_play
difficult to transfer between accounts even settling tax obligations. system error notification more frequent.,1,2025-07-16,CBE,google_play
chala bodena,2,2025-07-15,CBE,google_play
ebc app not work or unable to connect server,1,2025-07-15,CBE,google_play
i love this app,5,2025-07-14,CBE,google_play
"excellent application, user friendly...nice one",5,2025-07-14,CBE,google_play
Okay üëç,5,2025-07-13,CBE,google_play
why can't I transfer money to telebirr?,4,2025-07-12,CBE,google_play
CBE Mobile Banking make us our life easier.,5,2025-07-12,CBE,google_play
"I can't see my old transaction on this bank app just like other banks mobile apps example abissinya, tele birr, so please update this feature.",1,2025-07-12,CBE,google_play
"it's a nice app""and buy to pay then simple for money transaction 10Q CBE.",5,2025-07-11,CBE,google_play
"amzing app, so 10Q",5,2025-07-11,CBE,google_play
"The CBE MB app is best and updated with so many features from time to time,but it is impossible to download statements. if it is possible please add a statement download option for both the app and USSD.",2,2025-07-11,CBE,google_play
It is user friendly.,4,2025-07-11,CBE,google_play
Application ·ä†·äï·ã≥·äï·ã¥ ·âÄ·à≠·çã·çã ·äê·ãç·ç¢ ·àà·àù·äï ?,3,2025-07-10,CBE,google_play
ok,5,2025-07-09,CBE,google_play
option app mobile banking,5,2025-07-09,CBE,google_play
ok,5,2025-07-08,CBE,google_play
very poor and even not sho the balance and transaction history,1,2025-07-07,CBE,google_play
·ä•·àΩ,5,2025-07-07,CBE,google_play
Good app,5,2025-07-07,CBE,google_play
best,5,2025-07-06,CBE,google_play
this is very good app but what is bucket override i don't get,4,2025-07-06,CBE,google_play
The best of mobile banking in Ethiopia üá™üáπ,5,2025-07-06,CBE,google_play
"it's just a basic app, you could do a lot better I couldn't see my 2 months statement even",1,2025-07-06,CBE,google_play
don't work,1,2025-07-05,CBE,google_play
·ã®·àö·àµ·å•·à≠ ·äÆ·ãµ ·ä†·àÄ·ãô ·ã®·â†·ãõ ·àò·àÜ·äë ·ä†·àµ·â∞·àõ·àõ·äù·äê·â± ·ã®·å®·àù·à´·àç ·ç¢,5,2025-07-05,CBE,google_play
good,5,2025-07-05,CBE,google_play
nice !,4,2025-07-05,CBE,google_play
Samsung s05 have no government utility payment options Please fix on the next update,1,2025-07-05,CBE,google_play
v.good,5,2025-07-04,CBE,google_play
"It is developed in a simple way, but what if you add a notebook, like to save some info or other bank account number",4,2025-07-04,CBE,google_play
it's good app.,5,2025-07-03,CBE,google_play
wow,5,2025-07-03,CBE,google_play
It is fast and best service. Go a head!,5,2025-07-02,CBE,google_play
best,5,2025-07-02,CBE,google_play
"This app is not reliable for transferring money to other banks or money transfer apps. It will take your money but not deliver it, and for confirmation, it takes three days to refund.",2,2025-07-02,CBE,google_play
it is best app,5,2025-07-02,CBE,google_play
"The worst Bank, system and app ever in Ethiopia.",1,2025-07-02,CBE,google_play
please update the security policy. we can't take a SCREENSHOTS!,3,2025-07-02,CBE,google_play
good app,5,2025-07-01,CBE,google_play
very very good,4,2025-07-01,CBE,google_play
"It's a great application, but if you could improve it a bit, for example, by making it so that we can register and use it ourselves from the comfort of our own homes without having to go to a bank branch.",3,2025-07-01,CBE,google_play
its very nice app,5,2025-07-01,CBE,google_play
fast and easy to use,3,2025-07-01,CBE,google_play
good app,5,2025-07-01,CBE,google_play
I really like this application it's easy to use and reliable,5,2025-07-01,CBE,google_play
best application but is not available strong security .,5,2025-07-01,CBE,google_play
good,5,2025-06-30,CBE,google_play
very good thanks for services,1,2025-06-30,CBE,google_play
great,4,2025-06-30,CBE,google_play
Good!,5,2025-06-29,CBE,google_play
I like this app bcz of this is very simple and easy to use,5,2025-06-29,CBE,google_play
this application not working properly and payment service and transfer money please fix dear bank developer it's more boring service now,3,2025-06-29,CBE,google_play
for the frist use the app is perfect but soon it begins to change the speed the massages and cost an arm and leg,1,2025-06-29,CBE,google_play
"trasaction history needs to be more detailed,",3,2025-06-28,CBE,google_play
safe secure fast,5,2025-06-28,CBE,google_play
like,5,2025-06-28,CBE,google_play
atashkabte,1,2025-06-28,CBE,google_play
good app,5,2025-06-28,CBE,google_play
nice,5,2025-06-27,CBE,google_play
good,5,2025-06-27,CBE,google_play
good,5,2025-06-27,CBE,google_play
ok,5,2025-06-27,CBE,google_play
best,5,2025-06-27,CBE,google_play
good,5,2025-06-27,CBE,google_play
best mobile banking app,5,2025-06-26,CBE,google_play
this app has a problem,1,2025-06-26,CBE,google_play
Best of all,5,2025-06-26,CBE,google_play
excellent services,5,2025-06-26,CBE,google_play
"I'll give 5 stars when the app has the function to see more than just a couple of transactions. Right now, you can not even go back one month and see prior transaction. That is a standard banking function that also CBE should have. Because of that only 1 Start.",1,2025-06-25,CBE,google_play
best of all,5,2025-06-25,CBE,google_play
"The most unreliable banking app i ever used, the transactions are stuck halfway and i can't access my money then when you call the call center they ask that you wait 3-5 business days before they return the money what is the point off having a banking app if the transactions are unreliable and incomplete I'd rate less if i could.",1,2025-06-25,CBE,google_play
for no reason my money is gone because the system keeps tell me failed than I tried to many times were my money is nowhere to be gone when I checked my balance I realise the money is gone,1,2025-06-25,CBE,google_play
we would appreciate it if the app can allow to take screensshot.,4,2025-06-24,CBE,google_play
Easy to use and clear.,5,2025-06-24,CBE,google_play
Easy to use,4,2025-06-23,CBE,google_play
Excellence,5,2025-06-23,CBE,google_play
good,5,2025-06-23,CBE,google_play
the best üëå,5,2025-06-23,CBE,google_play
super üåü start,5,2025-06-22,CBE,google_play
üò≤,5,2025-06-21,CBE,google_play
It is so god,5,2025-06-21,CBE,google_play
it's my life,5,2025-06-21,CBE,google_play
üëç,3,2025-06-20,CBE,google_play
good app,5,2025-06-20,CBE,google_play
great app,5,2025-06-19,CBE,google_play
SUFaa milikesaa,5,2025-06-19,CBE,google_play
"Am not able to make screenshot,",1,2025-06-18,CBE,google_play
thank you,5,2025-06-17,CBE,google_play
ok,5,2025-06-17,CBE,google_play
setting ·àã·ã≠ mini statment ·â•·â≥·ãò·åã·åÅ·àà·âµ ·â¥·àå·â•·à≠ app ·àã·ã≠ ·ä†·àà ·ã®·â•·ãô ·âÄ·äï transaction ·ä†·ã´·à≥·ã≠·àù ·ã®·äì·äï·â∞ ·ç¢ tnx,4,2025-06-17,CBE,google_play
Is too good,5,2025-06-17,CBE,google_play
·à∞·àã·àù ·ã®·àù·äñ·à®·ãç ·ãç·å≠ ·àÄ·åà·à≠ ·äê·ãç ·ã®·äï·åç·ãµ ·â£·äï·ä≠ ·ä†·ä´·ãç·äï·âµ ·ä†·àà·äù ·ä•·äï·ã¥·âµ ·àã·äï·âÄ·à≥·âÖ·à∞·ãç,5,2025-06-16,CBE,google_play
·ã≠·àÖ·äï ·â£·äï·ä≠ ·àò·å†·âÄ·àù ·ã´·àµ·å†·àã·äõ·àç ·åà·äï·ãò·â§·äï ·ã∞·åã·åç·àò·ãç ·ã´·ãô·äù ·â•·ã¨ ·ä†·àµ·â£·àà·àÅ ·ã≠·àÖ·àù ·â∞·àµ·çã ·ä†·àµ·âÜ·à´·å≠ ·àµ·à≠·âÜ·âµ ·ä†·àµ·àò·àµ·àé ·àò·å£ ·àõ·àà·âµ ·â†·à≥·àù·äï·âµ ·à∂·àµ·âµ ·åä·ãú ·åà·äï·ãò·â§·äï ·à∞·à®·âÅ·äù ·àõ·àà·âµ ·ã≠·å†·ã®·âÖ·àç·äù,5,2025-06-16,CBE,google_play
"it makes my life easy, and I feel like it deserves a 4-star.",4,2025-06-16,CBE,google_play
It's best app but Please add(included) water bill payment ?,4,2025-06-16,CBE,google_play
the system works even from wherever I am abroad CBE‚òÜ‚òÜ‚òÜ‚òÜ‚òÜ,5,2025-06-15,CBE,google_play
very nice to use this app,5,2025-06-14,CBE,google_play
good üëç,4,2025-06-14,CBE,google_play
Good service and have lightly internet accessed,3,2025-06-14,CBE,google_play
the best mobile banking ever in Ethiopia,5,2025-06-13,CBE,google_play
waw,5,2025-06-13,CBE,google_play
good app fast,5,2025-06-13,CBE,google_play
very good work cbe team well developed,5,2025-06-13,CBE,google_play
Excellent and easy to access and uptodate.,5,2025-06-13,CBE,google_play
Nice,5,2025-06-12,CBE,google_play
Best mobile banking app in Ethiopian banking industry. Keep up CBE,5,2025-06-12,CBE,google_play
it's very helpful app in any way in and out of the county of Ethiopia good luck,5,2025-06-12,CBE,google_play
good app,5,2025-06-11,CBE,google_play
So bad now and hard to use,5,2025-06-09,CBE,google_play
"it is so amazing app. but, it is better to update it to access without any internet fees. just make it to open by free internet service when we open data connection.",5,2025-06-09,CBE,google_play
v.good app,4,2025-06-09,CBE,google_play
very good app,1,2025-06-09,CBE,google_play
Very amazing app indeed. I'm enjoying it,5,2025-06-08,CBE,google_play
Best,5,2025-06-08,CBE,google_play
A great app. It's like carrying a bank in your pocket.,4,2025-06-07,CBE,google_play
More than garrantty bank EBC.,4,2025-06-07,CBE,google_play
really am happy to this app it is Siple to use everything,5,2025-06-07,CBE,google_play
I liked this app. But the User interface is very basic and not attractive at all.,2,2025-06-07,CBE,google_play
"""Why don‚Äôt your ATMs support account-to-account transfers like other countries( Kenya, Nigeria , South africa)""",4,2025-06-06,CBE,google_play
what is this app problem???,1,2025-06-05,CBE,google_play
the app is proactive and a good connections.,5,2025-06-05,CBE,google_play
I cannot send to cbebirr app. through this app.,3,2025-06-05,CBE,google_play
good,4,2025-06-05,CBE,google_play
not functional,1,2025-06-05,CBE,google_play
"everytime you uninstall the app you have to reach them out physically. very oldy! if that's one of security layer, they'd check for fraud attempt via app source directly(source:- app store, play store ... etc) implicitly ! we are in 2025, physical presence for every app install is traditional(traditionally very rare).",1,2025-06-04,CBE,google_play
·ä†·ä´·ãç·äï·âµ ·ã®·àù·äì·àµ·åà·â£·â†·âµ ·â¶·â≥ ·àµ·àù ·åΩ·çà·äï ·äê·ãç ·ä®·ãö·àÖ ·â†·çä·âµ ·ã®·àã·ä≠·äï·â£·â∏·ãç·äï ·ä†·ä´·ãâ·äï·â∂·âΩ ·ã®·àù·äï·çà·àç·åà·ãâ ·äê·åà·à≠ ·åç·äï ·ä†·ã≤·àµ ·ä†·ä´·ãç·äï·â∂·âΩ mr ·â•·àà·ãâ ·ã®·àö·åÄ·àù·à© ·â†·ãù·â∞·ãã·àç ·åç·äï ·ä†·çï·àç·ä¨·àΩ·äë space ·àµ·äï·åΩ·çç ·ä†·ã≠·âÄ·â†·àç·àù ·â¢·àµ·â∞·ä´·ä®·àç,4,2025-06-04,CBE,google_play
best,5,2025-06-04,CBE,google_play
Best Mobile Banking app ever,5,2025-06-04,CBE,google_play
good,5,2025-06-04,CBE,google_play
it was good app but it have some issues like it doesnt give me the right amount that I have in the bank and have some issues in transferring,2,2025-06-04,CBE,google_play
good,5,2025-06-04,CBE,google_play
Good,5,2025-06-04,CBE,google_play
üëåüëç,5,2025-06-04,CBE,google_play
very niec,5,2025-06-04,CBE,google_play
best app of finance,5,2025-06-04,CBE,google_play
yetemeta,1,2025-06-03,CBE,google_play
good,5,2025-06-03,CBE,google_play
it is not safety,1,2025-06-03,CBE,google_play
NICE bank,5,2025-06-03,CBE,google_play
it is like a childish app make it better the worst I have ever seen,1,2025-06-02,CBE,google_play
"It's a problem solver application, go ahead CBE, I love so much.",5,2025-06-02,CBE,google_play
It's good but try to make it facilitate for your client,4,2025-06-02,CBE,google_play
best app,5,2025-06-01,CBE,google_play
Awesome bank,5,2025-06-01,CBE,google_play
this app has developed in a very good ways but there are some comments I need to make 1- preventing the screenshot likely not good for someone like me coz I need to make screenshot for quicker evidence. 2-it would be good if you make us to access recent transaction histories for 30 days coz we don't have to go to the Bank's in person to see old transactions or add colander category so user can easily access old transactions through colanders.,5,2025-05-31,CBE,google_play
Masha alla,5,2025-05-31,CBE,google_play
"Recently there is big problem when sending to safaricom, telebir, and even to cbebirr wallet could anybody who is responsible fix it, it's very frustrating it's been 5 days and my money hasn't been returned it takes it out of my account but doesn't send it to my mpesa update- they have just corrected it and sent me back the money but still I'm afraid now to send again",2,2025-05-31,CBE,google_play
better service,5,2025-05-31,CBE,google_play
"it,s good app and time manager üëç",5,2025-05-30,CBE,google_play
malkaamuu Jiidhaa Namoo,5,2025-05-30,CBE,google_play
lower system everything,3,2025-05-30,CBE,google_play
Nice!,5,2025-05-30,CBE,google_play
Keep it up My CBE,5,2025-05-29,CBE,google_play
yes good,5,2025-05-28,CBE,google_play
"I was using this app for the last two years with no problems. It stopped working about 3 months ago. when I tried to transfer funds it gives me error ""can't do this transaction. inactive account.""",4,2025-05-27,CBE,google_play
i like everything of this app,5,2025-05-27,CBE,google_play
good,5,2025-05-27,CBE,google_play
ü§¨ü§¨ü§¨ü§¨ network üõú,1,2025-05-26,CBE,google_play
Best,5,2025-05-26,CBE,google_play
CBE is the best financial application and and very dimple to use. I would like to say thank you so much for the developer of application. I really appreciate this app.,5,2025-05-26,CBE,google_play
nice,5,2025-05-26,CBE,google_play
good job,5,2025-05-26,CBE,google_play
it's awesome!!,5,2025-05-25,CBE,google_play
best,5,2025-05-25,CBE,google_play
thankyou every one,5,2025-05-25,CBE,google_play
best app,5,2025-05-25,CBE,google_play
Ronaldo üáµüáπ ü•á,5,2025-05-25,CBE,google_play
"this app is absolutely fantastic I love it and I enjoying to it ,let us support this foundation together .",5,2025-05-25,CBE,google_play
"The CBE app has been highly unreliable in recent weeks. It frequently fails to work properly on both Ethio Telecom and Safaricom networks, whether using Wi-Fi or mobile data. This week, the system was down entirely for extended periods, making it very difficult to access banking services. The app only functions intermittently, and the lack of consistency is frustrating. I hope the issues are addressed soon, and that any non-technical influences are removed from such essential services.",2,2025-05-25,CBE,google_play
mortuary app,5,2025-05-25,CBE,google_play
it is smart app but it has stoped after some period of time on my device with out any reason .,5,2025-05-25,CBE,google_play
amazing app I am used this app for one year,4,2025-05-24,CBE,google_play
üëç,5,2025-05-24,CBE,google_play
good app,5,2025-05-24,CBE,google_play
i love it üòçüòò,5,2025-05-24,CBE,google_play
It makes life easy!üëå,5,2025-05-24,CBE,google_play
its not fast,1,2025-05-24,CBE,google_play
wow,4,2025-05-24,CBE,google_play
it is sooo good,5,2025-05-24,CBE,google_play
excellent,5,2025-05-24,CBE,google_play
ok,1,2025-05-24,CBE,google_play
Fantastic,5,2025-05-23,CBE,google_play
accessible to using,5,2025-05-23,CBE,google_play
I like it,4,2025-05-23,CBE,google_play
good,5,2025-05-23,CBE,google_play
why you change default network?,5,2025-05-23,CBE,google_play
very nice üëç,5,2025-05-23,CBE,google_play
good,5,2025-05-23,CBE,google_play
nice fast app,5,2025-05-23,CBE,google_play
good,5,2025-05-23,CBE,google_play
best,5,2025-05-23,CBE,google_play
how to I get my money,5,2025-05-23,CBE,google_play
"Very bad, can't even load they need to improve their services.",1,2025-05-22,CBE,google_play
"Very good app, but please make it reliable . it crashes sometimes .",4,2025-05-22,CBE,google_play
very busy I don't know why... I prefer 889,3,2025-05-22,CBE,google_play
"Sometimes it has a nasty lag for several hour fix that , the rest is üëå",4,2025-05-22,CBE,google_play
the most boring Mobil banking application in ethiopia.Please use alternative private banks mobile banking apps,1,2025-05-22,CBE,google_play
hojii bonsaadha,5,2025-05-22,CBE,google_play
ok,5,2025-05-22,CBE,google_play
ok,5,2025-05-22,CBE,google_play
user-friendly apps.because this app is easy.,5,2025-05-22,CBE,google_play
Awosome!!!,5,2025-05-22,CBE,google_play
"Very good app,",5,2025-05-22,CBE,google_play
·ã≠·àÖ ·àò·â∞·åç·â†·à™·ã´ ·â†·å£·àù ·å•·à© ·äê·ãç. this app is very nice,5,2025-05-22,CBE,google_play
I hate this app üòí,1,2025-05-22,CBE,google_play
trustful,5,2025-05-22,CBE,google_play
I like,5,2025-05-22,CBE,google_play
update issue,4,2025-05-22,CBE,google_play
its not working over safari network,1,2025-05-22,CBE,google_play
oldie,1,2025-05-22,CBE,google_play
it doesn't work,1,2025-05-21,CBE,google_play
"This app is good, and we are using it well",1,2025-05-21,CBE,google_play
ok,5,2025-05-21,CBE,google_play
best app,5,2025-05-21,CBE,google_play
best,5,2025-05-21,CBE,google_play
very nice üëå app for android phone,5,2025-05-21,CBE,google_play
good app,5,2025-05-21,CBE,google_play
Yes Yes,5,2025-05-21,CBE,google_play
·â†·å£·àù ·ä®·à≠·çã·çã,1,2025-05-21,CBE,google_play
easy to use helpful in my life,5,2025-05-21,CBE,google_play
good üëç,4,2025-05-21,CBE,google_play
the best mobile banking app,5,2025-05-21,CBE,google_play
"this app is very useful app,it saves time,and it is secure",4,2025-05-21,CBE,google_play
ok,2,2025-05-21,CBE,google_play
it's a good application üëç,5,2025-05-21,CBE,google_play
the screenshot and the reffresh options are so annoying that makes transaction so delaying activity !,2,2025-05-21,CBE,google_play
poor service,1,2025-05-21,CBE,google_play
amazing,5,2025-05-20,CBE,google_play
it is reliable and easy to use.,5,2025-05-20,CBE,google_play
the most annoying mobile banking app I've ever seen,1,2025-05-20,CBE,google_play
Cbe mobile banking,5,2025-05-20,CBE,google_play
"i can't make Screenshout in this app, please made modification",5,2025-05-20,CBE,google_play
Best app I loved it,5,2025-05-19,CBE,google_play
nice app,5,2025-05-19,CBE,google_play
wow,5,2025-05-18,CBE,google_play
Amazing applicatiom sometimes doesnt work!,5,2025-05-18,CBE,google_play
well satisfied with this beautiful app,5,2025-05-18,CBE,google_play
